epoch,accuracy,auc,loss,pr_auc,precision,recall,val_accuracy,val_auc,val_loss,val_pr_auc,val_precision,val_recall,learning_rate
0,0.661522626876831,0.7683345675468445,0.4837973713874817,0.5420558452606201,0.4047267436981201,0.7517147064208984,0.8354838490486145,0.9021852016448975,0.2405238300561905,0.8666243553161621,0.8095238208770752,0.8774193525314331,9.999999747378752e-05
1,0.7568587064743042,0.8721140027046204,0.37490731477737427,0.7195378541946411,0.5082644820213318,0.8436213731765747,0.8451613187789917,0.9343392252922058,0.2255844920873642,0.910444974899292,0.8451613187789917,0.8451613187789917,9.999999747378752e-05
2,0.812414288520813,0.9025231599807739,0.32580190896987915,0.7767548561096191,0.5856873989105225,0.8532236218452454,0.8677419424057007,0.9436212778091431,0.23025192320346832,0.940724790096283,0.8653846383094788,0.8709677457809448,9.999999747378752e-05
3,0.8158436417579651,0.9001147150993347,0.310408353805542,0.8004907965660095,0.5950495004653931,0.824416995048523,0.874193549156189,0.9546929597854614,0.21659110486507416,0.9511934518814087,0.9202898740768433,0.8193548321723938,9.999999747378752e-05
4,0.8398491144180298,0.9146036505699158,0.2837969958782196,0.818964958190918,0.6347736716270447,0.8463648557662964,0.8774193525314331,0.9501352906227112,0.23321110010147095,0.9514020085334778,0.8774193525314331,0.8774193525314331,9.999999747378752e-05
5,0.8573388457298279,0.9150103330612183,0.26260998845100403,0.8476885557174683,0.6710382699966431,0.8422496318817139,0.8774193525314331,0.9577107429504395,0.2369384765625,0.959313154220581,0.8823529481887817,0.8709677457809448,9.999999747378752e-05
6,0.8768861293792725,0.9287002086639404,0.2581430971622467,0.852723240852356,0.7151162624359131,0.8436213731765747,0.8935483694076538,0.9464931488037109,0.22933751344680786,0.9550666809082031,0.9236111044883728,0.8580645322799683,9.999999747378752e-05
7,0.8724279999732971,0.9148387312889099,0.25960573554039,0.84175705909729,0.7122473120689392,0.8216735124588013,0.8774193525314331,0.9415400624275208,0.22058826684951782,0.9570915699005127,0.914893627166748,0.8322580456733704,9.999999747378752e-05
8,0.8724279999732971,0.9199970364570618,0.26171499490737915,0.835163950920105,0.7127532958984375,0.8203017711639404,0.9096774458885193,0.9732570648193359,0.19829998910427094,0.9740397930145264,0.9319728016853333,0.8838709592819214,9.999999747378752e-05
9,0.8885459303855896,0.9337338805198669,0.24479390680789948,0.8557379841804504,0.741050124168396,0.8518518805503845,0.9032257795333862,0.9708012938499451,0.20823179185390472,0.9702064990997314,0.956204354763031,0.8451613187789917,9.999999747378752e-05
10,0.890260636806488,0.9307063221931458,0.256364643573761,0.8421132564544678,0.7484811544418335,0.8449931144714355,0.8903225660324097,0.9718210697174072,0.20384494960308075,0.9711925387382507,0.935251772403717,0.8387096524238586,9.999999747378752e-05
11,0.8827160596847534,0.9229748249053955,0.24597764015197754,0.845449686050415,0.7433962225914001,0.8106995820999146,0.896774172782898,0.9679709076881409,0.2015378624200821,0.9700528383255005,0.9424460530281067,0.8451613187789917,9.999999747378752e-05
12,0.88923180103302,0.930693507194519,0.25091028213500977,0.8324756622314453,0.7550251483917236,0.824416995048523,0.9032257795333862,0.9686785340309143,0.20570914447307587,0.970932126045227,0.9370629191398621,0.8645161390304565,9.999999747378752e-05
13,0.8916323781013489,0.9342103600502014,0.2302321195602417,0.8657075762748718,0.7637292742729187,0.8203017711639404,0.8999999761581421,0.9721331596374512,0.20623616874217987,0.9724544286727905,0.9558823704719543,0.8387096524238586,4.999999873689376e-05
14,0.8926611542701721,0.9367173910140991,0.23320406675338745,0.8576502799987793,0.7613065242767334,0.8312757015228271,0.8870967626571655,0.9740062952041626,0.2085357904434204,0.9738461375236511,0.9545454382896423,0.8129032254219055,4.999999873689376e-05
15,0.9067215323448181,0.9523045420646667,0.208474263548851,0.8968490958213806,0.7971391677856445,0.840877890586853,0.8903225660324097,0.9712798595428467,0.21198782324790955,0.9718890190124512,0.9618320465087891,0.8129032254219055,4.999999873689376e-05
16,0.9142661094665527,0.9459635615348816,0.21744948625564575,0.8930700421333313,0.8130719065666199,0.8532236218452454,0.9161290526390076,0.9719667434692383,0.2104395180940628,0.971177875995636,0.9510489702224731,0.8774193525314331,4.999999873689376e-05
17,0.9060356616973877,0.9427982568740845,0.22405606508255005,0.8771440982818604,0.7920410633087158,0.8463648557662964,0.9129032492637634,0.9722164273262024,0.2079000473022461,0.9725015163421631,0.9571428298950195,0.8645161390304565,2.499999936844688e-05
18,0.9015775322914124,0.9358997344970703,0.22924970090389252,0.8653514385223389,0.791556715965271,0.8230452537536621,0.8999999761581421,0.9738398194313049,0.20372579991817474,0.9744967222213745,0.9558823704719543,0.8387096524238586,2.499999936844688e-05
19,0.9152949452400208,0.9491902589797974,0.21823787689208984,0.8822045922279358,0.8146213889122009,0.855967104434967,0.8999999761581421,0.9737773537635803,0.2054576724767685,0.9745728373527527,0.9626865386962891,0.8322580456733704,2.499999936844688e-05
20,0.9070644974708557,0.939281702041626,0.2256012111902237,0.8665857315063477,0.808625340461731,0.8230452537536621,0.8935483694076538,0.9754421710968018,0.2044437974691391,0.9757128953933716,0.9552238583564758,0.8258064389228821,2.499999936844688e-05
21,0.9125514626502991,0.9494792222976685,0.20964382588863373,0.8928240537643433,0.8168449401855469,0.8381344079971313,0.9064516425132751,0.9758377075195312,0.20029768347740173,0.9764325618743896,0.95652174949646,0.85161292552948,2.499999936844688e-05
22,0.9053497910499573,0.9499897360801697,0.2253337949514389,0.8710192441940308,0.7930142283439636,0.840877890586853,0.9032257795333862,0.9759833812713623,0.20048263669013977,0.9757028818130493,0.956204354763031,0.8451613187789917,2.499999936844688e-05
23,0.9125514626502991,0.9527435898780823,0.21272407472133636,0.8864396214485168,0.8185483813285828,0.8353909254074097,0.9064516425132751,0.9754005670547485,0.20152893662452698,0.9750223755836487,0.95652174949646,0.85161292552948,2.499999936844688e-05
24,0.9194101691246033,0.9568277597427368,0.2037666290998459,0.9054194688796997,0.8337838053703308,0.8463648557662964,0.9032257795333862,0.9763163328170776,0.20099028944969177,0.9755280017852783,0.956204354763031,0.8451613187789917,2.499999936844688e-05
25,0.9125514626502991,0.9541522860527039,0.20911802351474762,0.8906736373901367,0.8168449401855469,0.8381344079971313,0.8935483694076538,0.9763163328170776,0.20111103355884552,0.9758950471878052,0.9552238583564758,0.8258064389228821,2.499999936844688e-05
26,0.911522626876831,0.9520664811134338,0.214875727891922,0.8872720003128052,0.8070403933525085,0.8491083383560181,0.8935483694076538,0.9779604077339172,0.19896751642227173,0.9775651097297668,0.9552238583564758,0.8258064389228821,1.249999968422344e-05
27,0.909122109413147,0.9486895203590393,0.21825885772705078,0.877719521522522,0.8060685992240906,0.8381344079971313,0.896774172782898,0.9779188632965088,0.19901055097579956,0.9773760437965393,0.9555555582046509,0.8322580456733704,1.249999968422344e-05
28,0.9152949452400208,0.950366735458374,0.20691949129104614,0.8924720883369446,0.8310439586639404,0.8299039602279663,0.8903225660324097,0.9773778319358826,0.19977928698062897,0.9766910076141357,0.9548872113227844,0.8193548321723938,1.249999968422344e-05
29,0.908093273639679,0.9482074975967407,0.2200477570295334,0.8728464245796204,0.8119080066680908,0.8230452537536621,0.8903225660324097,0.9776066541671753,0.20083609223365784,0.9768611192703247,0.9548872113227844,0.8193548321723938,1.249999968422344e-05
30,0.9036351442337036,0.9514747858047485,0.21071992814540863,0.8881825804710388,0.797082245349884,0.824416995048523,0.8903225660324097,0.9782102108001709,0.19879813492298126,0.9776248335838318,0.9548872113227844,0.8193548321723938,1.249999968422344e-05
31,0.9125514626502991,0.9561246037483215,0.20053525269031525,0.9039245843887329,0.8151595592498779,0.840877890586853,0.8903225660324097,0.9781894683837891,0.19938896596431732,0.9775850772857666,0.9548872113227844,0.8193548321723938,6.24999984211172e-06
32,0.9005486965179443,0.9426812529563904,0.21804329752922058,0.8719433546066284,0.8035961389541626,0.7969821691513062,0.8903225660324097,0.9775857925415039,0.1991759091615677,0.9773783683776855,0.9548872113227844,0.8193548321723938,6.24999984211172e-06
33,0.9197530746459961,0.9658815264701843,0.19585788249969482,0.9140288829803467,0.8313252925872803,0.8518518805503845,0.8903225660324097,0.9781270623207092,0.19805826246738434,0.977850615978241,0.9548872113227844,0.8193548321723938,6.24999984211172e-06
34,0.9204389452934265,0.9588415026664734,0.19701983034610748,0.908808708190918,0.8427585959434509,0.8381344079971313,0.8903225660324097,0.9789178371429443,0.19704024493694305,0.9785928130149841,0.9548872113227844,0.8193548321723938,6.24999984211172e-06
35,0.9159808158874512,0.9496949315071106,0.21279291808605194,0.8860794305801392,0.8297002911567688,0.8353909254074097,0.8999999761581421,0.9788553714752197,0.19530236721038818,0.9785231947898865,0.9558823704719543,0.8387096524238586,6.24999984211172e-06
36,0.9132373332977295,0.9512379765510559,0.21133573353290558,0.883812427520752,0.8251366019248962,0.8285322189331055,0.8999999761581421,0.9784390926361084,0.19658075273036957,0.9783490300178528,0.9558823704719543,0.8387096524238586,6.24999984211172e-06
37,0.9190672039985657,0.9600626230239868,0.20331405103206635,0.9000784754753113,0.8372092843055725,0.8395061492919922,0.8999999761581421,0.9790842533111572,0.19457654654979706,0.9790716767311096,0.9558823704719543,0.8387096524238586,6.24999984211172e-06
38,0.9087791442871094,0.948334813117981,0.2130526602268219,0.8880254626274109,0.808255672454834,0.832647442817688,0.896774172782898,0.9793340563774109,0.19348005950450897,0.9791278839111328,0.9555555582046509,0.8322580456733704,6.24999984211172e-06
39,0.9146090745925903,0.9560688138008118,0.2052011787891388,0.8977135419845581,0.8199999928474426,0.8436213731765747,0.896774172782898,0.9792299866676331,0.19424138963222504,0.9790653586387634,0.9555555582046509,0.8322580456733704,6.24999984211172e-06
40,0.9176954627037048,0.9565483927726746,0.20895542204380035,0.8914585113525391,0.8372413516044617,0.832647442817688,0.8935483694076538,0.9805827736854553,0.19259129464626312,0.980118453502655,0.9552238583564758,0.8258064389228821,6.24999984211172e-06
41,0.9146090745925903,0.9578921794891357,0.2050115019083023,0.8989228010177612,0.8208556175231934,0.8422496318817139,0.896774172782898,0.9804162383079529,0.19172340631484985,0.9803801774978638,0.9555555582046509,0.8322580456733704,6.24999984211172e-06
42,0.9170095920562744,0.9517858624458313,0.21209637820720673,0.8895118832588196,0.8294993042945862,0.840877890586853,0.8999999761581421,0.9799792766571045,0.1926306039094925,0.9799748659133911,0.9558823704719543,0.8387096524238586,6.24999984211172e-06
43,0.9310699701309204,0.9610202312469482,0.19554080069065094,0.9167454838752747,0.8538873791694641,0.873799741268158,0.8999999761581421,0.9803954362869263,0.19291870296001434,0.9801368713378906,0.9558823704719543,0.8387096524238586,6.24999984211172e-06
44,0.9094650149345398,0.9468981027603149,0.22100314497947693,0.8753504157066345,0.8071334362030029,0.8381344079971313,0.8935483694076538,0.9799999594688416,0.19436202943325043,0.9797295331954956,0.9552238583564758,0.8258064389228821,6.24999984211172e-06
45,0.9170095920562744,0.9589211344718933,0.20010381937026978,0.9059069156646729,0.8242343664169312,0.8491083383560181,0.896774172782898,0.980312168598175,0.19362644851207733,0.980024516582489,0.9555555582046509,0.8322580456733704,6.24999984211172e-06
46,0.9214677810668945,0.9572805762290955,0.2063029557466507,0.8970028162002563,0.8396739363670349,0.8477365970611572,0.8935483694076538,0.9805202484130859,0.1928395926952362,0.9802018404006958,0.9552238583564758,0.8258064389228821,3.12499992105586e-06
47,0.9139232039451599,0.9528946876525879,0.20993703603744507,0.8923273682594299,0.8229729533195496,0.8353909254074097,0.8935483694076538,0.980894923210144,0.19312362372875214,0.9806709885597229,0.9552238583564758,0.8258064389228821,3.12499992105586e-06
48,0.9187242984771729,0.9597170948982239,0.20476266741752625,0.8970143795013428,0.8369863033294678,0.8381344079971313,0.8935483694076538,0.9809156656265259,0.1930692493915558,0.9806155562400818,0.9552238583564758,0.8258064389228821,3.12499992105586e-06
49,0.9228395223617554,0.9623637199401855,0.19412946701049805,0.9157925844192505,0.8324538469314575,0.8655692934989929,0.8935483694076538,0.9808116555213928,0.19254139065742493,0.9805186986923218,0.9552238583564758,0.8258064389228821,3.12499992105586e-06
50,0.9111797213554382,0.9448806643486023,0.21089740097522736,0.88260817527771,0.8300561904907227,0.8106995820999146,0.896774172782898,0.9810822606086731,0.19288122653961182,0.9806023240089417,0.9555555582046509,0.8322580456733704,3.12499992105586e-06
51,0.9056927561759949,0.9511209726333618,0.21206648647785187,0.8835786581039429,0.8018617033958435,0.8271604776382446,0.8999999761581421,0.9801041483879089,0.19297434389591217,0.9798694252967834,0.9558823704719543,0.8387096524238586,3.12499992105586e-06
52,0.9204389452934265,0.9566972255706787,0.20533141493797302,0.901496171951294,0.8282694816589355,0.8600823283195496,0.8999999761581421,0.9802497625350952,0.19292305409908295,0.979978621006012,0.9558823704719543,0.8387096524238586,1.56249996052793e-06
53,0.9135802388191223,0.9556047320365906,0.20278510451316833,0.8983182907104492,0.8262653946876526,0.8285322189331055,0.8999999761581421,0.9802706241607666,0.1936277151107788,0.9799198508262634,0.9558823704719543,0.8387096524238586,1.56249996052793e-06
54,0.9228395223617554,0.9623987078666687,0.19523842632770538,0.9155014753341675,0.8378016352653503,0.8573388457298279,0.8999999761581421,0.980894923210144,0.1924016922712326,0.9805049896240234,0.9558823704719543,0.8387096524238586,1.56249996052793e-06
55,0.9152949452400208,0.9561829566955566,0.20619460940361023,0.8933020830154419,0.8256756663322449,0.8381344079971313,0.8999999761581421,0.9806867241859436,0.19243314862251282,0.9802494645118713,0.9558823704719543,0.8387096524238586,1.56249996052793e-06
56,0.9197530746459961,0.9622585773468018,0.19729650020599365,0.9102057814598083,0.8367347121238708,0.8436213731765747,0.8999999761581421,0.9811030626296997,0.1921684443950653,0.9806028008460999,0.9558823704719543,0.8387096524238586,9.999999974752427e-07
57,0.9101508855819702,0.9503774046897888,0.21060238778591156,0.8859020471572876,0.8151147365570068,0.8285322189331055,0.8999999761581421,0.9809156656265259,0.1918540745973587,0.9804742932319641,0.9558823704719543,0.8387096524238586,9.999999974752427e-07
