req_lat,req_lon,actual_lat,actual_lon,landmask,sst_celsius,raw_prob
13.0,132.0,13.0,132.0,0.0,28.929162597656273,5.965040600131033e-06
13.0,133.0,13.0,133.0,0.0,28.929162597656273,4.835878826270346e-06
13.0,134.0,13.0,134.0,0.0,29.429162597656273,3.219797918063705e-06
14.0,132.0,14.0,132.0,0.0,28.829156494140648,8.774782327236608e-05
14.0,133.0,14.0,133.0,0.0,29.029138183593773,0.000443587894551456
14.0,134.0,14.0,134.0,0.0,29.129144287109398,0.0007779310690239072
15.0,132.0,15.0,132.0,0.0,28.629144287109398,0.0007777498103678226
15.0,133.0,15.0,133.0,0.0,29.829156494140648,0.00044055545004084706
15.0,134.0,15.0,134.0,0.0,29.229150390625023,0.00019281455024611205
16.0,132.0,16.0,132.0,0.0,28.829156494140648,7.050400654406985e-07
16.0,133.0,16.0,133.0,0.0,29.229150390625023,1.5228315533022396e-06
16.0,134.0,16.0,134.0,0.0,29.229150390625023,1.3122224800099502e-06
