latitude,longitude,raw_probability,landmask,sst_celsius
21.0,-18.0,0.9755761027336121,0.0,21.93
20.0,-18.0,0.9118229746818542,0.0,24.23
21.0,-21.0,0.8809855580329895,0.0,21.93
13.0,5.0,0.8570300340652466,1.0,27.53
-27.0,-61.0,0.803327739238739,1.0,13.73
19.0,-23.0,0.7778498530387878,0.0,22.53
19.0,-13.0,0.7692670822143555,1.0,29.43
-35.0,-57.0,0.7648317217826843,0.0,10.43
24.0,13.0,0.7330214977264404,1.0,26.43
22.0,9.0,0.6483097076416016,1.0,27.03
24.0,12.0,0.6441542506217957,1.0,24.43
14.0,-8.0,0.6334244012832642,1.0,24.03
22.0,10.0,0.6222904920578003,1.0,28.93
26.0,-122.0,0.6087337732315063,0.0,22.33
-34.0,-77.0,0.6075493693351746,0.0,14.93
13.0,8.0,0.5961716175079346,1.0,27.53
24.0,10.0,0.5713633894920349,1.0,26.53
-20.0,124.0,0.5584485530853271,1.0,33.83
20.0,-24.0,0.557934582233429,0.0,23.43
11.0,12.0,0.5503049492835999,1.0,25.53
-21.0,-53.0,0.5483353137969971,1.0,19.03
18.0,-19.0,0.526081919670105,0.0,24.03
